"Дата","Цена","Откр.","Макс.","Мин.","Объём","Изм. %"
"31.10.2023","106,66","106,16","106,86","105,91","","0,51%"
"30.10.2023","106,12","106,58","106,70","106,06","","-0,41%"
"27.10.2023","106,56","106,58","106,80","106,32","","-0,04%"
"26.10.2023","106,60","106,58","106,89","106,53","","0,07%"
"25.10.2023","106,53","106,25","106,57","106,14","","0,24%"
"24.10.2023","106,27","105,61","106,32","105,36","","0,70%"
"23.10.2023","105,54","106,16","106,33","105,52","","-0,59%"
"20.10.2023","106,16","106,25","106,42","106,07","","-0,08%"
"19.10.2023","106,25","106,54","106,67","105,97","","-0,29%"
"18.10.2023","106,57","106,22","106,64","106,01","","0,30%"
"17.10.2023","106,25","106,26","106,53","106,02","","0,01%"
"16.10.2023","106,24","106,58","106,63","106,18","","-0,38%"
"13.10.2023","106,65","106,52","106,79","106,29","","0,05%"
"12.10.2023","106,60","105,67","106,60","105,54","","0,74%"
"11.10.2023","105,82","105,73","106,01","105,56","","0,00%"
"10.10.2023","105,82","106,03","106,25","105,66","","-0,24%"
"09.10.2023","106,08","106,10","106,60","106,02","","0,04%"
"06.10.2023","106,04","106,36","106,97","105,95","","-0,27%"
"05.10.2023","106,33","106,77","106,86","106,32","","-0,44%"
"04.10.2023","106,80","107,06","107,24","106,51","","-0,19%"
"03.10.2023","107,00","107,03","107,35","106,91","","0,09%"
"02.10.2023","106,90","106,17","107,03","106,04","","0,64%"
"29.09.2023","106,22","106,15","106,24","105,66","","0,00%"
"28.09.2023","106,22","106,68","106,75","106,02","","-0,41%"
"27.09.2023","106,67","106,22","106,84","106,17","","0,41%"
"26.09.2023","106,23","105,94","106,26","105,86","","0,22%"
"25.09.2023","106,00","105,57","106,10","105,52","","0,39%"
"22.09.2023","105,58","105,38","105,78","105,32","","0,21%"
"21.09.2023","105,36","105,44","105,74","105,28","","0,23%"
"20.09.2023","105,12","105,11","105,44","104,67","","-0,04%"
"19.09.2023","105,16","105,08","105,21","104,82","","-0,04%"
"18.09.2023","105,20","105,30","105,36","105,02","","-0,11%"
"15.09.2023","105,32","105,38","105,41","105,08","","-0,08%"
"14.09.2023","105,40","104,74","105,43","104,56","","0,61%"
"13.09.2023","104,77","104,58","104,97","104,51","","0,05%"
"12.09.2023","104,71","104,56","104,92","104,46","","0,14%"
"11.09.2023","104,57","105,06","104,94","104,42","","-0,50%"
"08.09.2023","105,09","105,06","105,10","104,66","","0,03%"
"07.09.2023","105,06","104,86","105,16","104,80","","0,19%"
"06.09.2023","104,86","104,75","105,02","104,59","","0,05%"
"05.09.2023","104,81","104,13","104,91","104,11","","0,55%"
"04.09.2023","104,24","104,26","104,27","104,03","","0,00%"
"01.09.2023","104,24","103,62","104,29","103,27","","0,60%"
"31.08.2023","103,62","103,10","103,74","103,01","","0,45%"
"30.08.2023","103,16","103,44","103,70","102,94","","-0,36%"
"29.08.2023","103,53","103,92","104,36","103,36","","-0,51%"
"28.08.2023","104,06","104,19","104,21","103,97","","-0,02%"
"25.08.2023","104,08","104,10","104,45","103,74","","0,09%"
"24.08.2023","103,98","103,36","104,03","103,27","","0,54%"
"23.08.2023","103,42","103,58","103,98","103,30","","-0,14%"
"22.08.2023","103,56","103,33","103,72","103,01","","0,25%"
"21.08.2023","103,30","103,43","103,50","103,14","","-0,07%"
"18.08.2023","103,38","103,40","103,68","103,22","","-0,19%"
"17.08.2023","103,57","103,47","103,60","103,06","","0,14%"
"16.08.2023","103,43","103,21","103,53","102,94","","0,22%"
"15.08.2023","103,21","103,21","103,28","103,15","","0,02%"
"14.08.2023","103,19","102,85","103,46","102,77","","0,34%"
"11.08.2023","102,84","102,62","102,91","102,42","","0,31%"
"10.08.2023","102,52","102,48","102,65","101,78","","0,03%"
"09.08.2023","102,49","102,55","102,58","102,29","","-0,04%"
"08.08.2023","102,53","102,07","102,80","102,07","","0,47%"
"07.08.2023","102,05","101,99","102,38","101,97","","0,03%"
"04.08.2023","102,02","102,45","102,62","101,74","","-0,51%"
"03.08.2023","102,54","102,59","102,84","102,36","","-0,05%"
"02.08.2023","102,59","101,96","102,78","101,96","","0,28%"
"01.08.2023","102,30","101,87","102,43","101,85","","0,44%"
"31.07.2023","101,86","101,89","101,90","101,86","","0,23%"
"28.07.2023","101,62","101,69","102,04","101,36","","-0,15%"
"27.07.2023","101,77","101,10","101,84","100,55","","0,88%"
"26.07.2023","100,89","101,32","101,44","100,86","","-0,46%"
"25.07.2023","101,35","101,42","101,65","101,19","","0,00%"
"24.07.2023","101,35","101,10","101,43","100,89","","0,27%"
"21.07.2023","101,07","100,78","101,19","100,72","","0,19%"
"20.07.2023","100,88","100,78","100,97","100,02","","0,60%"
"19.07.2023","100,28","99,98","100,53","99,92","","0,34%"
"18.07.2023","99,94","99,89","100,11","99,59","","0,10%"
"17.07.2023","99,84","99,96","100,18","99,75","","-0,07%"
"14.07.2023","99,91","99,75","100,01","99,58","","0,14%"
"13.07.2023","99,77","100,52","100,61","99,74","","-0,75%"
"12.07.2023","100,52","101,59","101,61","100,51","","-1,19%"
"11.07.2023","101,73","101,94","101,97","101,65","","-0,24%"
"10.07.2023","101,97","102,29","102,56","101,95","","-0,29%"
"07.07.2023","102,27","103,08","103,19","102,23","","-0,77%"
"06.07.2023","103,07","103,35","103,57","102,92","","-0,29%"
"05.07.2023","103,37","103,08","103,39","102,96","","0,32%"
"04.07.2023","103,04","102,97","103,11","102,88","","0,07%"
"03.07.2023","102,96","102,93","103,27","102,75","","0,05%"
"30.06.2023","102,91","103,35","103,54","102,75","","-0,42%"
"29.06.2023","103,34","102,96","103,44","102,78","","0,42%"
"28.06.2023","102,90","102,51","103,14","102,47","","0,40%"
"27.06.2023","102,49","102,74","102,80","102,32","","-0,19%"
"26.06.2023","102,69","102,87","102,83","102,61","","-0,21%"
"23.06.2023","102,90","102,38","103,17","102,38","","0,50%"
"22.06.2023","102,39","102,03","102,47","101,92","","0,31%"
"21.06.2023","102,07","102,50","102,71","102,02","","-0,46%"
"20.06.2023","102,54","102,48","102,79","102,32","","0,02%"
"19.06.2023","102,52","102,30","102,55","102,25","","0,27%"
"16.06.2023","102,24","102,12","102,43","102,01","","0,13%"
"15.06.2023","102,11","102,96","103,38","102,09","","-0,81%"
"14.06.2023","102,95","103,32","103,40","102,66","","-0,38%"
"13.06.2023","103,34","103,58","103,62","103,05","","-0,30%"
"12.06.2023","103,65","103,55","103,76","103,24","","0,09%"
"09.06.2023","103,56","103,30","103,61","103,29","","0,21%"
"08.06.2023","103,34","104,07","104,07","103,30","","-0,73%"
"07.06.2023","104,10","104,12","104,30","103,66","","-0,02%"
"06.06.2023","104,13","104,01","104,37","103,82","","0,12%"
"05.06.2023","104,00","104,04","104,40","103,93","","-0,01%"
"02.06.2023","104,01","103,56","104,09","103,38","","0,44%"
"01.06.2023","103,56","104,15","104,50","103,50","","-0,73%"
"31.05.2023","104,33","104,05","104,70","104,01","","0,15%"
"30.05.2023","104,17","104,30","104,53","103,88","","-0,09%"
"29.05.2023","104,26","104,24","104,31","104,04","","0,06%"
"26.05.2023","104,21","104,23","104,42","103,85","","-0,04%"
"25.05.2023","104,25","103,86","104,31","103,84","","0,35%"
"24.05.2023","103,89","103,54","103,91","103,35","","0,39%"
"23.05.2023","103,49","103,27","103,65","103,16","","0,28%"
"22.05.2023","103,20","103,19","103,37","102,96","","0,00%"
"19.05.2023","103,20","103,51","103,62","103,00","","-0,37%"
"18.05.2023","103,58","102,90","103,62","102,79","","0,68%"
"17.05.2023","102,88","102,61","103,11","102,54","","0,31%"
"16.05.2023","102,56","102,43","102,69","102,20","","0,13%"
"15.05.2023","102,43","102,71","102,75","102,38","","-0,24%"
"12.05.2023","102,68","102,10","102,71","101,94","","0,61%"
"11.05.2023","102,06","101,41","102,15","101,30","","0,57%"
"10.05.2023","101,48","101,62","101,81","101,21","","-0,13%"
"09.05.2023","101,61","101,40","101,83","101,36","","0,22%"
"08.05.2023","101,38","101,28","101,42","101,04","","0,16%"
"05.05.2023","101,21","101,34","101,78","101,12","","-0,18%"
"04.05.2023","101,40","101,20","101,64","101,03","","0,06%"
"03.05.2023","101,34","101,86","101,92","101,07","","-0,60%"
"02.05.2023","101,96","102,14","102,40","101,88","","-0,19%"
"01.05.2023","102,15","101,67","102,19","101,62","","0,48%"
"28.04.2023","101,66","101,47","102,17","101,42","","0,15%"
"27.04.2023","101,50","101,40","101,80","101,28","","0,04%"
"26.04.2023","101,47","101,82","101,89","101,01","","-0,39%"
"25.04.2023","101,86","101,26","101,95","101,20","","0,51%"
"24.04.2023","101,35","101,72","101,91","101,32","","-0,47%"
"21.04.2023","101,82","101,80","102,12","101,65","","-0,02%"
"20.04.2023","101,84","101,99","102,13","101,63","","-0,13%"
"19.04.2023","101,97","101,71","102,23","101,66","","0,22%"
"18.04.2023","101,75","102,10","102,14","101,64","","-0,35%"
"17.04.2023","102,10","101,58","102,23","101,53","","0,54%"
"14.04.2023","101,55","101,00","101,75","100,79","","0,54%"
"13.04.2023","101,01","101,47","101,60","100,85","","-0,48%"
"12.04.2023","101,50","102,13","102,16","101,45","","-0,69%"
"11.04.2023","102,20","102,52","102,51","102,01","","-0,36%"
"10.04.2023","102,58","102,10","102,81","101,99","","0,48%"
"07.04.2023","102,09","101,94","102,30","101,88","","0,27%"
"06.04.2023","101,82","101,83","102,14","101,75","","-0,03%"
"05.04.2023","101,85","101,52","101,99","101,42","","0,26%"
"04.04.2023","101,59","102,01","102,28","101,46","","-0,50%"
"03.04.2023","102,09","102,59","103,06","101,98","","-0,40%"
"31.03.2023","102,51","102,20","102,63","102,05","","0,35%"
"30.03.2023","102,14","102,62","102,78","102,07","","-0,48%"
"29.03.2023","102,64","102,49","102,79","102,37","","0,21%"
"28.03.2023","102,43","102,75","102,76","102,38","","-0,42%"
"27.03.2023","102,86","103,11","103,23","102,83","","-0,25%"
"24.03.2023","103,12","102,60","103,36","102,50","","0,57%"
"23.03.2023","102,53","102,50","102,64","101,92","","0,18%"
"22.03.2023","102,35","103,19","103,26","102,07","","-0,88%"
"21.03.2023","103,26","103,31","103,51","103,00","","-0,02%"
"20.03.2023","103,28","103,86","103,96","103,28","","-0,41%"
"17.03.2023","103,71","104,41","104,44","103,69","","-0,68%"
"16.03.2023","104,42","104,62","104,74","104,20","","-0,22%"
"15.03.2023","104,65","103,74","105,10","103,44","","1,01%"
"14.03.2023","103,60","103,67","104,05","103,50","","0,00%"
"13.03.2023","103,60","104,64","104,64","103,48","","-0,94%"
"10.03.2023","104,58","105,13","105,35","104,04","","-0,70%"
"09.03.2023","105,31","105,62","105,73","105,15","","-0,33%"
"08.03.2023","105,66","105,67","105,88","105,36","","0,04%"
"07.03.2023","105,61","104,30","105,65","104,12","","1,21%"
"06.03.2023","104,35","104,53","104,69","104,16","","-0,16%"
"03.03.2023","104,52","104,94","105,00","104,49","","-0,48%"
"02.03.2023","105,03","104,39","105,18","104,39","","0,52%"
"01.03.2023","104,48","105,04","105,09","104,09","","-0,37%"
"28.02.2023","104,87","104,63","105,00","104,42","","0,19%"
"27.02.2023","104,67","105,26","105,36","104,55","","-0,51%"
"24.02.2023","105,21","104,56","105,32","104,42","","0,59%"
"23.02.2023","104,60","104,50","104,78","104,31","","0,01%"
"22.02.2023","104,58","104,13","104,60","104,01","","0,39%"
"21.02.2023","104,18","103,91","104,26","103,77","","0,31%"
"20.02.2023","103,86","103,88","104,09","103,76","","0,00%"
"17.02.2023","103,86","104,20","104,67","103,84","","0,01%"
"16.02.2023","103,86","103,88","104,23","103,53","","-0,06%"
"15.02.2023","103,92","103,21","104,11","103,16","","0,67%"
"14.02.2023","103,23","103,22","103,52","102,59","","-0,11%"
"13.02.2023","103,35","103,58","103,84","103,24","","-0,28%"
"10.02.2023","103,63","103,25","103,68","102,90","","0,40%"
"09.02.2023","103,22","103,43","103,55","102,64","","-0,18%"
"08.02.2023","103,41","103,27","103,52","103,00","","-0,02%"
"07.02.2023","103,43","103,54","103,96","103,00","","-0,19%"
"06.02.2023","103,62","103,10","103,76","103,01","","0,69%"
"03.02.2023","102,92","101,83","103,01","101,55","","1,14%"
"02.02.2023","101,75","100,85","101,91","100,82","","0,53%"
"01.02.2023","101,22","102,10","102,18","101,04","","-0,86%"
"31.01.2023","102,10","102,19","102,61","102,01","","-0,18%"
"30.01.2023","102,28","101,92","102,31","101,66","","0,34%"
"27.01.2023","101,93","101,71","102,19","101,68","","0,09%"
"26.01.2023","101,84","101,58","102,18","101,50","","0,19%"
"25.01.2023","101,64","102,00","102,12","101,58","","-0,27%"
"24.01.2023","101,92","101,99","102,43","101,72","","-0,22%"
"23.01.2023","102,14","101,99","102,28","101,59","","0,12%"
"20.01.2023","102,01","102,07","102,55","101,94","","-0,05%"
"19.01.2023","102,06","102,38","102,48","101,99","","-0,30%"
"18.01.2023","102,36","102,46","102,90","101,53","","-0,03%"
"17.01.2023","102,39","102,32","102,56","101,94","","0,12%"
"16.01.2023","102,27","102,18","102,56","101,77","","0,06%"
"13.01.2023","102,20","102,21","102,65","101,99","","-0,04%"
"12.01.2023","102,25","103,06","103,29","102,08","","-0,91%"
"11.01.2023","103,19","103,22","103,48","103,11","","-0,05%"
"10.01.2023","103,24","103,29","103,49","103,03","","0,23%"
"09.01.2023","103,00","103,91","103,93","102,94","","-0,85%"
"06.01.2023","103,88","105,05","105,63","103,87","","-1,11%"
"05.01.2023","105,04","104,07","105,27","103,99","","0,76%"
"04.01.2023","104,25","104,58","104,60","103,83","","-0,26%"
"03.01.2023","104,52","103,66","104,86","103,47","","0,99%"
"01.01.2023","103,49","103,49","103,49","103,49","","-0,03%"
"30.12.2022","103,52","103,95","104,10","103,39","","-0,30%"
"29.12.2022","103,84","104,37","104,45","103,78","","-0,60%"
"28.12.2022","104,46","104,33","104,56","103,85","","0,27%"
"27.12.2022","104,18","104,12","104,40","103,89","","-0,14%"
"25.12.2022","104,32","104,32","104,32","104,32","","0,01%"
"23.12.2022","104,31","104,39","104,54","104,12","","-0,11%"
"22.12.2022","104,43","104,22","104,60","103,75","","0,26%"
"21.12.2022","104,16","103,95","104,38","103,85","","0,19%"
"20.12.2022","103,96","104,73","104,79","103,78","","-0,72%"
"19.12.2022","104,72","104,84","104,93","104,13","","0,02%"
"16.12.2022","104,70","104,45","104,84","104,21","","0,14%"
"15.12.2022","104,56","103,67","104,88","103,54","","0,76%"
"14.12.2022","103,77","104,07","104,16","103,45","","-0,20%"
"13.12.2022","103,98","104,99","105,10","103,59","","-1,09%"
"12.12.2022","105,13","104,93","105,25","104,67","","0,31%"
"09.12.2022","104,81","104,86","105,14","104,48","","0,03%"
"08.12.2022","104,77","105,20","105,43","104,72","","-0,31%"
"07.12.2022","105,10","105,63","105,82","104,88","","-0,45%"
"06.12.2022","105,58","105,16","105,63","104,89","","0,27%"
"05.12.2022","105,29","104,51","105,40","104,11","","0,71%"
"02.12.2022","104,54","104,82","105,58","104,38","","-0,17%"
"01.12.2022","104,73","105,70","105,90","104,66","","-1,15%"
"30.11.2022","105,95","106,72","107,19","105,78","","-0,82%"
"29.11.2022","106,82","106,57","106,88","106,06","","0,13%"
"28.11.2022","106,68","106,06","106,75","105,32","","0,68%"
"25.11.2022","105,96","105,96","106,42","105,69","","0,13%"
"24.11.2022","105,82","105,99","106,08","105,63","","-0,24%"
"23.11.2022","106,08","107,08","107,22","106,03","","-1,07%"
"22.11.2022","107,22","107,70","107,75","107,12","","-0,57%"
"21.11.2022","107,83","106,97","107,99","106,89","","0,85%"
"18.11.2022","106,93","106,69","107,04","106,34","","0,22%"
"17.11.2022","106,69","106,27","107,24","106,10","","0,39%"
"16.11.2022","106,28","106,58","106,78","105,86","","-0,12%"
"15.11.2022","106,40","107,00","107,10","105,34","","-0,24%"
"14.11.2022","106,66","106,42","107,27","106,48","","0,35%"
"11.11.2022","106,29","108,24","108,44","106,28","","-1,77%"
"10.11.2022","108,21","110,30","110,99","107,71","","-2,12%"
"09.11.2022","110,55","109,65","110,64","109,45","","0,83%"
"08.11.2022","109,64","110,06","110,61","109,37","","-0,44%"
"07.11.2022","110,12","110,79","111,27","110,05","","-0,68%"
"04.11.2022","110,88","112,97","112,99","110,71","","-1,82%"
"03.11.2022","112,93","112,17","113,15","111,82","","1,42%"
"02.11.2022","111,35","111,54","112,15","110,43","","-0,12%"
"01.11.2022","111,48","111,52","111,78","110,72","","-0,04%"
"31.10.2022","111,53","110,67","111,67","110,72","","0,70%"
"28.10.2022","110,75","110,50","111,04","110,29","","0,15%"
"27.10.2022","110,59","109,62","110,62","109,54","","0,81%"
"26.10.2022","109,70","110,96","111,14","109,63","","-1,13%"
"25.10.2022","110,95","111,82","112,13","110,76","","-0,93%"
"24.10.2022","111,99","111,88","112,53","111,47","","-0,02%"
"21.10.2022","112,01","112,94","113,94","111,70","","-0,77%"
"20.10.2022","112,88","112,99","113,09","112,17","","-0,09%"
"19.10.2022","112,98","111,91","113,10","111,92","","0,76%"
"18.10.2022","112,13","112,07","112,46","111,77","","0,08%"
"17.10.2022","112,04","113,22","113,22","111,92","","-1,12%"
"14.10.2022","113,31","112,47","113,42","112,16","","0,84%"
"13.10.2022","112,36","113,24","113,92","112,15","","-0,84%"
"12.10.2022","113,32","113,31","113,59","113,05","","0,09%"
"11.10.2022","113,22","113,08","113,50","112,41","","0,07%"
"10.10.2022","113,14","112,75","113,33","112,62","","0,31%"
"07.10.2022","112,79","112,25","112,88","111,95","","0,48%"
"06.10.2022","112,26","111,02","112,31","110,78","","1,07%"
"05.10.2022","111,07","110,22","111,74","110,09","","0,92%"
"04.10.2022","110,07","111,59","111,89","110,06","","-1,50%"
"03.10.2022","111,75","112,17","112,54","111,47","","-0,33%"
"30.09.2022","112,12","111,75","112,67","111,58","","-0,12%"
"29.09.2022","112,25","113,01","113,79","111,77","","-0,31%"
"28.09.2022","112,60","114,18","114,78","112,56","","-1,32%"
"27.09.2022","114,11","114,02","114,47","113,33","","0,00%"
"26.09.2022","114,10","113,02","114,53","112,94","","0,80%"
"23.09.2022","113,19","111,24","113,23","111,08","","1,65%"
"22.09.2022","111,35","111,48","111,81","110,46","","0,64%"
"21.09.2022","110,64","110,16","111,58","110,13","","0,39%"
"20.09.2022","110,21","109,58","110,29","109,36","","0,44%"
"19.09.2022","109,74","109,64","110,18","109,49","","-0,02%"
"16.09.2022","109,76","109,80","110,26","109,47","","0,02%"
"15.09.2022","109,74","109,61","109,92","109,42","","0,07%"
"14.09.2022","109,66","109,97","109,93","109,28","","-0,14%"
"13.09.2022","109,82","108,23","110,01","107,68","","1,37%"
"12.09.2022","108,33","108,60","108,86","107,81","","-0,62%"
"09.09.2022","109,00","109,57","109,54","108,36","","-0,64%"
"08.09.2022","109,71","109,67","110,24","109,33","","-0,12%"
"07.09.2022","109,84","110,32","110,79","109,53","","-0,34%"
"06.09.2022","110,21","109,60","110,55","109,38","","0,35%"
"05.09.2022","109,83","109,61","110,27","109,72","","0,27%"
"02.09.2022","109,53","109,64","109,72","108,93","","-0,14%"
"01.09.2022","109,69","108,84","109,98","108,77","","0,91%"
"31.08.2022","108,70","108,75","109,20","108,38","","-0,07%"
"30.08.2022","108,77","108,70","109,11","108,29","","-0,06%"
"29.08.2022","108,83","108,84","109,48","108,49","","0,03%"
"26.08.2022","108,80","108,47","108,87","107,59","","0,31%"
"25.08.2022","108,47","108,63","108,69","107,99","","-0,19%"
"24.08.2022","108,68","108,52","109,11","108,36","","0,05%"
"23.08.2022","108,62","109,00","109,27","108,08","","-0,39%"
"22.08.2022","109,05","108,10","109,10","108,08","","0,81%"
"19.08.2022","108,17","107,50","108,21","107,47","","0,64%"
"18.08.2022","107,48","106,68","107,56","106,50","","0,85%"
"17.08.2022","106,57","106,45","106,89","106,31","","0,07%"
"16.08.2022","106,50","106,48","106,94","106,32","","-0,04%"
"15.08.2022","106,55","105,67","106,55","105,55","","0,87%"
"12.08.2022","105,63","105,16","105,88","105,09","","0,51%"
"11.08.2022","105,09","105,21","105,46","104,65","","-0,10%"
"10.08.2022","105,20","106,34","106,40","104,64","","-1,11%"
"09.08.2022","106,37","106,33","106,41","105,97","","-0,06%"
"08.08.2022","106,43","106,58","106,80","106,09","","-0,17%"
"05.08.2022","106,62","105,72","106,93","105,69","","0,88%"
"04.08.2022","105,69","106,48","106,51","105,67","","-0,76%"
"03.08.2022","106,51","106,43","106,82","105,97","","0,25%"
"02.08.2022","106,24","105,36","106,35","105,05","","0,75%"
"01.08.2022","105,45","105,83","106,03","105,24","","-0,43%"
"29.07.2022","105,90","106,21","106,66","105,54","","-0,42%"
"28.07.2022","106,35","106,37","106,97","106,06","","-0,09%"
"27.07.2022","106,45","107,13","107,43","106,26","","-0,69%"
"26.07.2022","107,19","106,45","107,28","106,20","","0,66%"
"25.07.2022","106,48","106,54","106,88","106,19","","-0,23%"
"22.07.2022","106,73","106,59","107,36","106,11","","-0,17%"
"21.07.2022","106,91","107,08","107,32","106,42","","-0,16%"
"20.07.2022","107,08","106,67","107,25","106,39","","0,37%"
"19.07.2022","106,68","107,49","107,63","106,40","","-0,64%"
"18.07.2022","107,37","107,98","108,04","106,89","","-0,64%"
"15.07.2022","108,06","108,67","108,71","107,91","","-0,44%"
"14.07.2022","108,54","108,14","109,29","108,14","","0,54%"
"13.07.2022","107,96","108,18","108,58","107,48","","-0,11%"
"12.07.2022","108,07","108,18","108,56","107,84","","0,05%"
"11.07.2022","108,02","106,89","108,27","106,92","","0,95%"
"08.07.2022","107,01","107,04","107,79","106,81","","-0,11%"
"07.07.2022","107,13","107,07","107,24","106,71","","0,03%"
"06.07.2022","107,10","106,49","107,26","106,36","","0,53%"
"05.07.2022","106,54","105,14","106,79","105,05","","1,33%"
"04.07.2022","105,14","105,12","105,25","104,82","","0,00%"
"01.07.2022","105,14","104,78","105,64","104,74","","0,43%"
"30.06.2022","104,68","105,06","105,54","104,64","","-0,40%"
"29.06.2022","105,11","104,46","105,15","104,36","","0,57%"
"28.06.2022","104,51","103,97","104,61","103,77","","0,55%"
"27.06.2022","103,94","104,12","104,21","103,67","","-0,24%"
"24.06.2022","104,18","104,38","104,51","103,95","","-0,24%"
"23.06.2022","104,43","104,21","104,77","104,06","","0,22%"
"22.06.2022","104,20","104,43","104,95","103,86","","-0,23%"
"21.06.2022","104,43","104,44","104,54","103,94","","-0,25%"
"20.06.2022","104,70","104,65","104,82","104,23","","0,00%"
"17.06.2022","104,70","103,88","105,08","103,83","","1,03%"
"16.06.2022","103,63","104,90","105,49","103,42","","-1,45%"
"15.06.2022","105,16","105,35","105,79","104,66","","-0,34%"
"14.06.2022","105,52","105,19","105,65","104,62","","0,42%"
"13.06.2022","105,08","104,19","105,29","104,21","","0,89%"
"10.06.2022","104,15","103,34","104,23","103,05","","0,90%"
"09.06.2022","103,22","102,56","103,37","102,15","","0,66%"
"08.06.2022","102,54","102,39","102,78","102,27","","0,22%"
"07.06.2022","102,32","102,49","102,84","102,26","","-0,12%"
"06.06.2022","102,44","102,17","102,47","101,85","","0,29%"
"03.06.2022","102,14","101,75","102,22","101,64","","0,31%"
"02.06.2022","101,82","102,55","102,62","101,74","","-0,66%"
"01.06.2022","102,50","101,76","102,73","101,74","","0,73%"
"31.05.2022","101,75","101,43","102,17","101,41","","0,08%"
"30.05.2022","101,67","101,64","101,72","101,30","","0,00%"
"27.05.2022","101,67","101,72","101,94","101,43","","-0,16%"
"26.05.2022","101,83","102,02","102,27","101,74","","-0,22%"
"25.05.2022","102,06","101,77","102,45","101,73","","0,20%"
"24.05.2022","101,86","102,11","102,32","101,65","","-0,21%"
"23.05.2022","102,08","103,03","103,05","102,04","","-1,04%"
"20.05.2022","103,15","102,90","103,26","102,77","","0,41%"
"19.05.2022","102,72","103,83","103,88","102,66","","-1,05%"
"18.05.2022","103,81","103,34","103,93","103,19","","0,44%"
"17.05.2022","103,36","104,17","104,23","103,23","","-0,79%"
"16.05.2022","104,19","104,46","104,64","104,14","","-0,36%"
"13.05.2022","104,56","104,77","105,00","104,46","","-0,27%"
"12.05.2022","104,85","104,01","104,93","103,88","","0,97%"
"11.05.2022","103,85","103,90","104,11","103,37","","-0,07%"
"10.05.2022","103,92","103,73","103,98","103,50","","0,26%"
"09.05.2022","103,65","103,66","104,19","103,39","","-0,01%"
"06.05.2022","103,66","103,56","104,06","103,19","","-0,09%"
"05.05.2022","103,75","102,68","103,94","102,35","","1,14%"
"04.05.2022","102,59","103,46","103,61","102,46","","-0,85%"
"03.05.2022","103,46","103,60","103,67","103,03","","-0,27%"
"02.05.2022","103,74","103,21","103,75","103,11","","0,76%"
"29.04.2022","102,96","103,67","103,67","102,82","","-0,64%"
"28.04.2022","103,62","103,04","103,93","102,98","","0,65%"
"27.04.2022","102,95","102,28","103,28","102,22","","0,64%"
"26.04.2022","102,30","101,73","102,36","101,51","","0,54%"
"25.04.2022","101,75","101,12","101,86","101,04","","0,53%"
"22.04.2022","101,22","100,62","101,33","100,47","","0,64%"
"21.04.2022","100,58","100,35","100,64","99,82","","0,19%"
"20.04.2022","100,39","100,98","101,04","100,22","","-0,57%"
"19.04.2022","100,96","100,83","101,03","100,70","","0,18%"
"18.04.2022","100,78","100,50","100,86","100,46","","0,46%"
"15.04.2022","100,32","100,42","100,57","100,32","","0,00%"
"14.04.2022","100,32","99,79","100,76","99,57","","0,45%"
"13.04.2022","99,88","100,34","100,52","99,83","","-0,42%"
"12.04.2022","100,29","100,04","100,33","99,74","","0,36%"
"11.04.2022","99,93","99,84","100,05","99,61","","0,14%"
"08.04.2022","99,80","99,82","100,19","99,74","","0,05%"
"07.04.2022","99,75","99,65","99,83","99,40","","0,15%"
"06.04.2022","99,60","99,47","99,77","99,31","","0,13%"
"05.04.2022","99,47","99,00","99,52","98,84","","0,48%"
"04.04.2022","99,00","98,57","99,08","98,52","","0,37%"
"01.04.2022","98,63","98,33","98,74","98,31","","0,33%"
"31.03.2022","98,31","97,83","98,40","97,69","","0,53%"
"30.03.2022","97,79","98,37","98,43","97,68","","-0,62%"
"29.03.2022","98,40","99,08","99,29","98,04","","-0,69%"
"28.03.2022","99,09","98,81","99,37","98,80","","0,31%"
"25.03.2022","98,79","98,75","98,83","98,40","","0,00%"
"24.03.2022","98,79","98,64","98,96","98,60","","0,17%"
"23.03.2022","98,62","98,47","98,88","98,39","","0,13%"
"22.03.2022","98,49","98,49","98,96","98,32","","-0,01%"
"21.03.2022","98,50","98,24","98,53","98,16","","0,27%"
"18.03.2022","98,23","98,00","98,62","97,84","","0,26%"
"17.03.2022","97,97","98,50","98,51","97,73","","-0,65%"
"16.03.2022","98,62","98,89","99,08","98,29","","-0,48%"
"15.03.2022","99,10","99,13","99,20","98,64","","0,10%"
"14.03.2022","99,00","99,13","99,29","98,68","","-0,13%"
"11.03.2022","99,12","98,36","99,16","98,27","","0,63%"
"10.03.2022","98,51","98,06","98,60","97,71","","0,55%"
"09.03.2022","97,97","99,12","99,12","97,85","","-1,10%"
"08.03.2022","99,06","99,24","99,32","98,71","","-0,23%"
"07.03.2022","99,29","98,51","99,42","98,51","","0,65%"
"04.03.2022","98,65","98,04","98,92","97,84","","0,88%"
"03.03.2022","97,79","97,47","97,95","97,43","","0,41%"
"02.03.2022","97,39","97,37","97,83","97,29","","-0,02%"
"01.03.2022","97,41","96,76","97,58","96,63","","0,73%"
"28.02.2022","96,71","96,54","97,42","96,54","","0,10%"
"25.02.2022","96,61","97,00","97,22","96,52","","-0,54%"
"24.02.2022","97,14","96,22","97,74","96,22","","0,98%"
"23.02.2022","96,19","96,04","96,24","95,85","","0,17%"
"22.02.2022","96,03","96,08","96,26","95,84","","-0,06%"
"21.02.2022","96,08","96,11","96,15","95,69","","0,04%"
"18.02.2022","96,04","95,83","96,17","95,73","","0,25%"
"17.02.2022","95,80","95,77","96,11","95,71","","0,10%"
"16.02.2022","95,70","96,01","96,06","95,68","","-0,30%"
"15.02.2022","95,99","96,24","96,29","95,96","","-0,40%"
"14.02.2022","96,37","96,03","96,43","95,91","","0,30%"
"11.02.2022","96,08","95,94","96,11","95,64","","0,55%"
"10.02.2022","95,55","95,57","96,00","95,17","","0,06%"
"09.02.2022","95,49","95,59","95,67","95,38","","-0,16%"
"08.02.2022","95,64","95,43","95,75","95,40","","0,26%"
"07.02.2022","95,40","95,48","95,63","95,35","","-0,09%"
"04.02.2022","95,49","95,31","95,70","95,14","","0,11%"
"03.02.2022","95,38","96,02","96,25","95,24","","-0,58%"
"02.02.2022","95,94","96,27","96,30","95,81","","-0,47%"
"01.02.2022","96,39","96,70","96,72","96,24","","-0,16%"
"31.01.2022","96,54","97,22","97,30","96,52","","-0,75%"
"28.01.2022","97,27","97,25","97,44","97,06","","0,02%"
"27.01.2022","97,25","96,54","97,29","96,53","","0,90%"
"26.01.2022","96,39","95,96","96,54","95,91","","0,46%"
"25.01.2022","95,95","95,93","96,27","95,90","","0,03%"
"24.01.2022","95,92","95,64","96,13","95,63","","0,29%"
"21.01.2022","95,64","95,81","95,84","95,50","","-0,10%"
"20.01.2022","95,74","95,59","95,86","95,42","","0,24%"
"19.01.2022","95,51","95,77","95,79","95,49","","-0,23%"
"18.01.2022","95,73","95,22","95,83","95,13","","0,50%"
"17.01.2022","95,26","95,17","95,35","95,04","","0,10%"
"14.01.2022","95,17","94,87","95,27","94,63","","0,40%"
"13.01.2022","94,79","94,99","95,02","94,66","","-0,13%"
"12.01.2022","94,92","95,58","95,69","94,91","","-0,74%"
"11.01.2022","95,62","95,93","96,07","95,58","","-0,38%"
"10.01.2022","95,99","95,74","96,23","95,74","","0,28%"
"07.01.2022","95,72","96,26","96,29","95,71","","-0,62%"
"06.01.2022","96,32","96,20","96,39","96,04","","0,15%"
"05.01.2022","96,17","96,31","96,33","95,89","","-0,09%"
"04.01.2022","96,26","96,19","96,46","96,03","","0,05%"
"03.01.2022","96,21","95,67","96,33","95,63","","0,26%"
"31.12.2021","95,97","95,99","96,11","95,57","","0,00%"
"30.12.2021","95,97","95,89","96,22","95,86","","0,04%"
"29.12.2021","95,93","96,15","96,39","95,76","","-0,28%"
"28.12.2021","96,20","96,07","96,28","96,00","","0,11%"
"27.12.2021","96,09","96,15","96,26","96,05","","0,08%"
"23.12.2021","96,02","96,03","96,28","95,99","","-0,06%"
"22.12.2021","96,08","96,47","96,60","96,02","","-0,43%"
"21.12.2021","96,49","96,54","96,64","96,34","","-0,06%"
"20.12.2021","96,55","96,67","96,69","96,33","","-0,01%"
"17.12.2021","96,57","96,00","96,69","95,88","","0,54%"
"16.12.2021","96,04","96,43","96,45","95,85","","-0,49%"
"15.12.2021","96,51","96,55","96,91","96,30","","-0,06%"
"14.12.2021","96,57","96,35","96,59","96,10","","0,26%"
"13.12.2021","96,32","96,05","96,44","96,05","","0,23%"
"10.12.2021","96,10","96,21","96,43","95,98","","-0,18%"
"09.12.2021","96,27","95,96","96,34","95,96","","0,39%"
"08.12.2021","95,89","96,26","96,38","95,85","","-0,49%"
"07.12.2021","96,37","96,30","96,59","96,17","","0,04%"
"06.12.2021","96,33","96,15","96,43","96,13","","0,22%"
"03.12.2021","96,12","96,12","96,45","95,97","","-0,04%"
"02.12.2021","96,16","96,07","96,18","95,83","","0,13%"
"01.12.2021","96,03","95,94","96,14","95,67","","0,04%"
"30.11.2021","95,99","96,22","96,64","95,52","","-0,36%"
"29.11.2021","96,34","96,07","96,44","96,07","","0,26%"
"26.11.2021","96,09","96,72","96,77","95,75","","-0,71%"
"25.11.2021","96,77","96,81","96,82","96,65","","-0,10%"
"24.11.2021","96,88","96,53","96,94","96,43","","0,40%"
"23.11.2021","96,49","96,46","96,61","96,31","","-0,06%"
"22.11.2021","96,55","96,07","96,55","96,04","","0,54%"
"19.11.2021","96,03","95,58","96,24","95,58","","0,51%"
"18.11.2021","95,54","95,80","95,84","95,52","","-0,30%"
"17.11.2021","95,83","95,94","96,24","95,73","","-0,09%"
"16.11.2021","95,92","95,47","95,98","95,40","","0,53%"
"15.11.2021","95,41","95,12","95,60","94,97","","0,29%"
"12.11.2021","95,13","95,18","95,26","95,00","","-0,05%"
"11.11.2021","95,18","94,84","95,20","94,84","","0,35%"
"10.11.2021","94,85","93,98","94,90","93,97","","0,95%"
"09.11.2021","93,96","94,09","94,15","93,88","","-0,10%"
"08.11.2021","94,05","94,25","94,38","93,99","","-0,29%"
"05.11.2021","94,32","94,34","94,62","94,19","","-0,03%"
"04.11.2021","94,35","93,86","94,47","93,82","","0,51%"
"03.11.2021","93,86","94,12","94,21","93,82","","-0,24%"
"02.11.2021","94,09","93,93","94,13","93,82","","0,22%"
"01.11.2021","93,88","94,13","94,31","93,86","","-0,26%"
"29.10.2021","94,12","93,36","94,30","93,32","","0,83%"
"28.10.2021","93,35","93,88","93,97","93,28","","-0,49%"
"27.10.2021","93,80","93,97","94,01","93,69","","-0,16%"
"26.10.2021","93,95","93,84","94,02","93,71","","0,14%"
"25.10.2021","93,81","93,66","93,96","93,48","","0,18%"
"22.10.2021","93,64","93,75","93,79","93,54","","-0,14%"
"21.10.2021","93,77","93,58","93,79","93,50","","0,23%"
"20.10.2021","93,56","93,81","93,88","93,54","","-0,19%"
"19.10.2021","93,73","93,95","93,95","93,50","","-0,23%"
"18.10.2021","93,95","93,95","94,17","93,87","","0,02%"
"15.10.2021","93,94","94,03","94,07","93,85","","-0,02%"
"14.10.2021","93,96","94,02","94,09","93,76","","-0,13%"
"13.10.2021","94,08","94,52","94,53","94,00","","-0,46%"
"12.10.2021","94,52","94,37","94,56","94,23","","0,21%"
"11.10.2021","94,32","94,10","94,40","94,03","","0,26%"
"08.10.2021","94,07","94,21","94,34","93,94","","-0,16%"
"07.10.2021","94,22","94,23","94,28","94,08","","-0,05%"
"06.10.2021","94,27","93,99","94,45","93,98","","0,31%"
"05.10.2021","93,97","93,83","94,07","93,81","","0,21%"
"04.10.2021","93,78","94,07","94,10","93,68","","-0,28%"
"01.10.2021","94,04","94,31","94,39","93,99","","-0,21%"
"30.09.2021","94,23","94,35","94,50","94,11","","-0,11%"
"29.09.2021","94,34","93,72","94,43","93,67","","0,61%"
"28.09.2021","93,77","93,41","93,81","93,36","","0,41%"
"27.09.2021","93,38","93,28","93,49","93,21","","0,06%"
"24.09.2021","93,33","93,07","93,42","93,05","","0,32%"
"23.09.2021","93,03","93,48","93,52","92,98","","-0,46%"
"22.09.2021","93,46","93,22","93,51","92,99","","0,28%"
"21.09.2021","93,20","93,24","93,29","93,05","","-0,08%"
"20.09.2021","93,28","93,25","93,45","93,18","","0,09%"
"17.09.2021","93,19","92,88","93,25","92,76","","0,28%"
"16.09.2021","92,93","92,46","92,96","92,46","","0,41%"
"15.09.2021","92,55","92,68","92,68","92,42","","-0,08%"
"14.09.2021","92,62","92,62","92,68","92,32","","-0,06%"
"13.09.2021","92,68","92,61","92,89","92,57","","0,10%"
"10.09.2021","92,58","92,53","92,65","92,33","","0,11%"
"09.09.2021","92,48","92,71","92,76","92,38","","-0,19%"
"08.09.2021","92,65","92,54","92,86","92,47","","0,15%"
"07.09.2021","92,51","92,20","92,57","92,10","","0,52%"
"06.09.2021","92,04","92,12","92,31","92,04","","0,00%"
"03.09.2021","92,04","92,22","92,26","91,95","","-0,21%"
"02.09.2021","92,22","92,51","92,54","92,21","","-0,24%"
"01.09.2021","92,45","92,66","92,79","92,38","","-0,19%"
"31.08.2021","92,63","92,71","92,75","92,40","","-0,03%"
"30.08.2021","92,65","92,68","92,79","92,60","","-0,04%"
"27.08.2021","92,69","93,03","93,18","92,63","","-0,40%"
"26.08.2021","93,06","92,83","93,08","92,81","","0,26%"
"25.08.2021","92,82","92,88","93,13","92,81","","-0,07%"
"24.08.2021","92,89","92,99","93,08","92,81","","-0,07%"
"23.08.2021","92,96","93,46","93,50","92,95","","-0,58%"
"20.08.2021","93,50","93,56","93,73","93,43","","-0,08%"
"19.08.2021","93,57","93,14","93,58","93,14","","0,46%"
"18.08.2021","93,14","93,14","93,26","92,96","","0,01%"
"17.08.2021","93,13","92,62","93,17","92,61","","0,54%"
"16.08.2021","92,63","92,52","92,66","92,48","","0,12%"
"13.08.2021","92,52","92,97","93,01","92,47","","-0,56%"
"12.08.2021","93,04","92,89","93,04","92,85","","0,12%"
"11.08.2021","92,92","93,07","93,19","92,80","","-0,14%"
"10.08.2021","93,06","92,98","93,14","92,94","","0,12%"
"09.08.2021","92,94","92,78","92,99","92,72","","0,16%"
"06.08.2021","92,80","92,26","92,84","92,26","","0,60%"
"05.08.2021","92,24","92,28","92,35","92,11","","-0,03%"
"04.08.2021","92,27","92,04","92,31","91,82","","0,21%"
"03.08.2021","92,08","92,06","92,15","91,89","","0,04%"
"02.08.2021","92,05","92,09","92,17","91,91","","-0,14%"
"30.07.2021","92,17","91,85","92,20","91,78","","0,34%"
"29.07.2021","91,86","92,26","92,29","91,86","","-0,50%"
"28.07.2021","92,32","92,46","92,75","92,24","","-0,12%"
"27.07.2021","92,43","92,63","92,84","92,32","","-0,23%"
"26.07.2021","92,65","92,91","92,96","92,53","","-0,28%"
"23.07.2021","92,91","92,81","93,02","92,78","","0,10%"
"22.07.2021","92,82","92,80","92,92","92,51","","0,07%"
"21.07.2021","92,75","92,97","93,19","92,73","","-0,24%"
"20.07.2021","92,97","92,88","93,17","92,80","","0,09%"
"19.07.2021","92,89","92,71","93,04","92,64","","0,22%"
"16.07.2021","92,69","92,59","92,76","92,53","","0,07%"
"15.07.2021","92,62","92,39","92,69","92,27","","0,23%"
"14.07.2021","92,41","92,80","92,83","92,35","","-0,37%"
"13.07.2021","92,75","92,23","92,81","92,14","","0,53%"
"12.07.2021","92,26","92,10","92,42","92,08","","0,14%"
"09.07.2021","92,13","92,36","92,54","92,09","","-0,31%"
"08.07.2021","92,42","92,70","92,79","92,24","","-0,25%"
"07.07.2021","92,64","92,53","92,85","92,43","","0,11%"
"06.07.2021","92,55","92,24","92,66","92,00","","0,36%"
"05.07.2021","92,21","92,24","92,36","92,14","","-0,02%"
"02.07.2021","92,23","92,57","92,74","92,18","","-0,40%"
"01.07.2021","92,60","92,35","92,60","92,26","","0,17%"
"30.06.2021","92,44","92,08","92,45","92,00","","0,42%"
"29.06.2021","92,05","91,88","92,19","91,86","","0,18%"
"28.06.2021","91,89","91,81","92,01","91,70","","0,04%"
"25.06.2021","91,85","91,83","91,88","91,53","","0,04%"
"24.06.2021","91,81","91,80","91,91","91,66","","0,01%"
"23.06.2021","91,80","91,73","91,90","91,51","","0,05%"
"22.06.2021","91,76","91,88","92,14","91,64","","-0,16%"
"21.06.2021","91,90","92,32","92,37","91,83","","-0,35%"
"18.06.2021","92,22","91,88","92,40","91,81","","0,37%"
"17.06.2021","91,89","91,43","92,01","91,31","","0,83%"
"16.06.2021","91,13","90,54","91,40","90,44","","0,65%"
"15.06.2021","90,54","90,48","90,68","90,35","","0,02%"
"14.06.2021","90,52","90,51","90,60","90,41","","-0,04%"
"11.06.2021","90,56","90,07","90,61","89,96","","0,53%"
"10.06.2021","90,07","90,14","90,31","89,98","","-0,05%"
"09.06.2021","90,12","90,13","90,17","89,84","","0,05%"
"08.06.2021","90,08","89,99","90,18","89,96","","0,14%"
"07.06.2021","89,95","90,13","90,30","89,91","","-0,21%"
"04.06.2021","90,14","90,47","90,63","90,03","","-0,42%"
"03.06.2021","90,51","89,93","90,55","89,89","","0,67%"
"02.06.2021","89,91","89,92","90,25","89,86","","0,09%"
"01.06.2021","89,83","89,81","89,94","89,66","","-0,22%"
"31.05.2021","90,03","90,06","90,12","89,82","","0,00%"
"28.05.2021","90,03","90,03","90,44","89,98","","0,07%"
"27.05.2021","89,97","90,08","90,18","89,89","","-0,08%"
"26.05.2021","90,04","89,69","90,11","89,59","","0,45%"
"25.05.2021","89,64","89,85","89,87","89,54","","-0,23%"
"24.05.2021","89,84","90,03","90,10","89,76","","-0,19%"
"21.05.2021","90,02","89,78","90,15","89,65","","0,23%"
"20.05.2021","89,81","90,21","90,23","89,75","","-0,42%"
"19.05.2021","90,19","89,78","90,29","89,69","","0,49%"
"18.05.2021","89,75","90,18","90,20","89,69","","-0,46%"
"17.05.2021","90,16","90,30","90,43","90,15","","-0,17%"
"14.05.2021","90,32","90,76","90,80","90,28","","-0,47%"
"13.05.2021","90,75","90,75","90,91","90,59","","0,04%"
"12.05.2021","90,71","90,19","90,80","90,16","","0,63%"
"11.05.2021","90,14","90,24","90,36","89,98","","-0,08%"
"10.05.2021","90,21","90,23","90,34","90,04","","-0,02%"
"07.05.2021","90,23","90,88","90,96","90,19","","-0,79%"
"06.05.2021","90,95","91,27","91,38","90,88","","-0,39%"
"05.05.2021","91,31","91,28","91,44","91,17","","0,02%"
"04.05.2021","91,29","91,00","91,40","90,99","","0,38%"
"03.05.2021","90,94","91,30","91,39","90,87","","-0,37%"
"30.04.2021","91,28","90,63","91,32","90,59","","0,73%"
"29.04.2021","90,61","90,55","90,79","90,42","","0,00%"
"28.04.2021","90,61","90,90","91,13","90,55","","-0,33%"
"27.04.2021","90,91","90,88","91,07","90,81","","0,11%"
"26.04.2021","90,81","90,83","90,99","90,68","","-0,06%"
"23.04.2021","90,86","91,29","91,30","90,81","","-0,52%"
"22.04.2021","91,33","91,11","91,42","91,00","","0,20%"
"21.04.2021","91,15","91,21","91,43","91,09","","-0,09%"
"20.04.2021","91,24","91,05","91,28","90,86","","0,19%"
"19.04.2021","91,07","91,54","91,75","91,03","","-0,53%"
"16.04.2021","91,56","91,66","91,81","91,49","","-0,15%"
"15.04.2021","91,69","91,63","91,75","91,49","","0,00%"
"14.04.2021","91,69","91,83","91,83","91,57","","-0,18%"
"13.04.2021","91,85","92,08","92,32","91,79","","-0,31%"
"12.04.2021","92,14","92,18","92,33","92,01","","-0,03%"
"09.04.2021","92,16","92,07","92,41","92,03","","0,11%"
"08.04.2021","92,06","92,42","92,48","92,00","","-0,43%"
"07.04.2021","92,46","92,32","92,50","92,14","","0,13%"
"06.04.2021","92,33","92,57","92,79","92,27","","-0,28%"
"05.04.2021","92,60","93,01","93,11","92,54","","-0,46%"
"02.04.2021","93,02","92,89","93,07","92,83","","0,10%"
"01.04.2021","92,93","93,22","93,34","92,88","","-0,32%"
"31.03.2021","93,23","93,24","93,44","92,99","","-0,07%"
"30.03.2021","93,30","92,91","93,35","92,88","","0,38%"
"29.03.2021","92,94","92,72","92,96","92,72","","0,19%"
"26.03.2021","92,77","92,81","92,87","92,64","","0,26%"
"25.03.2021","92,53","92,60","92,92","92,51","","0,00%"
"24.03.2021","92,53","92,39","92,61","92,34","","0,21%"
"23.03.2021","92,34","91,80","92,39","91,76","","0,65%"
"22.03.2021","91,74","92,07","92,15","91,71","","-0,19%"
"19.03.2021","91,92","91,83","92,17","91,66","","0,06%"
"18.03.2021","91,86","91,40","91,90","91,30","","0,46%"
"17.03.2021","91,44","91,86","92,00","91,37","","-0,46%"
"16.03.2021","91,86","91,83","92,03","91,68","","0,03%"
"15.03.2021","91,83","91,66","91,96","91,54","","0,17%"
"12.03.2021","91,68","91,43","91,96","91,40","","0,28%"
"11.03.2021","91,42","91,79","91,88","91,36","","-0,44%"
"10.03.2021","91,82","92,05","92,24","91,77","","-0,15%"
"09.03.2021","91,96","92,46","92,50","91,91","","-0,38%"
"08.03.2021","92,31","91,99","92,42","91,84","","0,37%"
"05.03.2021","91,98","91,66","92,19","91,62","","0,38%"
"04.03.2021","91,63","91,01","91,67","90,97","","0,75%"
"03.03.2021","90,95","90,79","91,06","90,63","","0,18%"
"02.03.2021","90,79","91,03","91,39","90,72","","-0,28%"
"01.03.2021","91,04","90,93","91,14","90,69","","0,18%"
"26.02.2021","90,88","90,36","90,97","90,13","","0,83%"
"25.02.2021","90,13","90,07","90,29","89,68","","-0,05%"
"24.02.2021","90,18","90,10","90,43","89,98","","0,01%"
"23.02.2021","90,17","90,02","90,26","89,94","","0,18%"
"22.02.2021","90,01","90,34","90,57","90,00","","-0,39%"
"19.02.2021","90,36","90,57","90,65","90,18","","-0,25%"
"18.02.2021","90,59","90,90","90,98","90,54","","-0,39%"
"17.02.2021","90,95","90,71","91,06","90,62","","0,49%"
"16.02.2021","90,51","90,29","90,65","90,12","","0,03%"
"15.02.2021","90,48","90,45","90,48","90,27","","0,00%"
"12.02.2021","90,48","90,41","90,74","90,38","","0,07%"
"11.02.2021","90,42","90,46","90,47","90,26","","0,05%"
"10.02.2021","90,37","90,49","90,53","90,25","","-0,08%"
"09.02.2021","90,44","90,91","90,93","90,43","","-0,54%"
"08.02.2021","90,93","91,00","91,24","90,90","","-0,12%"
"05.02.2021","91,04","91,49","91,60","90,98","","-0,53%"
"04.02.2021","91,53","91,09","91,58","91,08","","0,39%"
"03.02.2021","91,17","91,05","91,31","90,99","","-0,03%"
"02.02.2021","91,20","91,00","91,29","90,80","","0,24%"
"01.02.2021","90,98","90,53","91,06","90,50","","0,44%"
"29.01.2021","90,58","90,56","90,78","90,36","","0,14%"
"28.01.2021","90,46","90,73","90,86","90,40","","-0,21%"
"27.01.2021","90,65","90,15","90,88","90,15","","0,53%"
"26.01.2021","90,17","90,39","90,61","90,12","","-0,24%"
"25.01.2021","90,39","90,23","90,52","90,08","","0,17%"
"22.01.2021","90,24","90,05","90,31","90,05","","0,12%"
"21.01.2021","90,13","90,42","90,45","90,05","","-0,38%"
"20.01.2021","90,47","90,41","90,70","90,28","","-0,03%"
"19.01.2021","90,50","90,73","90,76","90,40","","-0,29%"
"18.01.2021","90,76","90,78","90,95","90,71","","-0,01%"
"15.01.2021","90,77","90,22","90,80","90,22","","0,59%"
"14.01.2021","90,24","90,28","90,58","90,07","","-0,13%"
"13.01.2021","90,36","90,00","90,45","89,92","","0,29%"
"12.01.2021","90,09","90,52","90,62","90,03","","-0,41%"
"11.01.2021","90,46","90,07","90,73","90,03","","0,41%"
"08.01.2021","90,10","89,83","90,25","89,66","","0,30%"
"07.01.2021","89,83","89,32","89,97","89,32","","0,33%"
"06.01.2021","89,53","89,48","89,80","89,21","","0,11%"
"05.01.2021","89,44","89,90","89,90","89,43","","-0,48%"
"04.01.2021","89,87","89,93","89,94","89,42","","-0,08%"
"01.01.2021","89,94","89,93","89,94","89,93","","0,00%"
"31.12.2020","89,94","89,61","89,98","89,52","","0,29%"
"30.12.2020","89,68","89,98","89,98","89,56","","-0,35%"
"29.12.2020","89,99","90,21","90,23","89,85","","-0,38%"
"28.12.2020","90,34","90,22","90,38","89,98","","0,02%"
"25.12.2020","90,32","90,33","90,42","90,21","","0,00%"
"24.12.2020","90,32","90,28","90,38","90,15","","-0,10%"
"23.12.2020","90,41","90,52","90,67","90,16","","-0,27%"
"22.12.2020","90,65","90,09","90,72","90,06","","0,68%"
"21.12.2020","90,04","89,92","91,02","89,92","","0,03%"
"18.12.2020","90,02","89,83","90,13","89,83","","0,22%"
"17.12.2020","89,82","90,27","90,27","89,73","","-0,69%"
"16.12.2020","90,45","90,49","90,70","90,13","","-0,03%"
"15.12.2020","90,47","90,69","90,82","90,42","","-0,26%"
"14.12.2020","90,71","90,98","90,98","90,42","","-0,29%"
"11.12.2020","90,98","90,74","91,04","90,62","","0,17%"
"10.12.2020","90,82","91,06","91,15","90,67","","-0,29%"
"09.12.2020","91,09","90,92","91,20","90,69","","0,13%"
"08.12.2020","90,96","90,90","91,02","90,75","","0,19%"
"07.12.2020","90,79","90,81","91,24","90,62","","0,10%"
"04.12.2020","90,70","90,71","90,87","90,48","","-0,01%"
"03.12.2020","90,71","91,06","91,09","90,51","","-0,44%"
"02.12.2020","91,12","91,19","91,50","90,99","","-0,21%"
"01.12.2020","91,31","91,94","91,94","91,16","","-0,61%"
"30.11.2020","91,87","91,78","92,05","91,51","","0,09%"
"27.11.2020","91,79","92,02","92,05","91,76","","-0,22%"
"26.11.2020","91,99","91,95","92,17","91,85","","0,00%"
"25.11.2020","91,99","92,11","92,26","91,93","","-0,25%"
"24.11.2020","92,23","92,53","92,56","92,13","","-0,30%"
"23.11.2020","92,50","92,40","92,80","92,02","","0,12%"
"20.11.2020","92,39","92,34","92,43","92,21","","0,11%"
"19.11.2020","92,29","92,56","92,72","92,24","","-0,02%"
"18.11.2020","92,32","92,44","92,51","92,21","","-0,11%"
"17.11.2020","92,42","92,49","92,61","92,27","","-0,24%"
"16.11.2020","92,64","92,72","92,84","92,46","","-0,12%"
"13.11.2020","92,75","92,95","93,00","92,71","","-0,22%"
"12.11.2020","92,96","93,01","93,14","92,78","","-0,09%"
"11.11.2020","93,04","92,70","93,21","92,61","","0,32%"
"10.11.2020","92,75","92,76","92,97","92,60","","0,03%"
"09.11.2020","92,72","92,24","92,96","92,13","","0,54%"
"06.11.2020","92,23","92,57","92,82","92,18","","-0,32%"
"05.11.2020","92,53","93,34","93,54","92,49","","-0,94%"
"04.11.2020","93,41","93,09","94,30","93,09","","-0,16%"
"03.11.2020","93,55","94,05","94,05","93,29","","-0,61%"
"02.11.2020","94,13","93,89","94,29","93,89","","0,10%"
"30.10.2020","94,04","93,92","94,08","93,65","","0,09%"
"29.10.2020","93,96","93,46","94,10","93,33","","0,59%"
"28.10.2020","93,40","93,15","93,64","93,05","","0,50%"
"27.10.2020","92,94","93,07","93,13","92,79","","-0,11%"
"26.10.2020","93,04","92,76","93,11","92,74","","0,30%"
"23.10.2020","92,77","92,93","93,13","92,66","","-0,20%"
"22.10.2020","92,95","92,67","92,97","92,61","","0,37%"
"21.10.2020","92,61","93,05","93,07","92,47","","-0,49%"
"20.10.2020","93,07","93,42","93,50","93,00","","-0,39%"
"19.10.2020","93,43","93,72","93,77","93,21","","-0,27%"
"16.10.2020","93,68","93,80","93,88","93,53","","-0,19%"
"15.10.2020","93,86","93,43","93,90","93,37","","0,51%"
"14.10.2020","93,38","93,54","93,67","93,25","","-0,16%"
"13.10.2020","93,53","93,03","93,60","93,03","","0,50%"
"12.10.2020","93,07","93,06","93,24","93,01","","0,01%"
"09.10.2020","93,06","93,56","93,59","93,00","","-0,59%"
"08.10.2020","93,61","93,61","93,78","93,50","","-0,03%"
"07.10.2020","93,63","93,83","93,90","93,56","","-0,06%"
"06.10.2020","93,69","93,43","93,85","93,33","","0,18%"
"05.10.2020","93,51","93,81","93,87","93,37","","-0,35%"
"02.10.2020","93,84","93,73","94,03","93,69","","0,14%"
"01.10.2020","93,71","93,80","93,92","93,53","","-0,19%"
"30.09.2020","93,89","93,85","94,19","93,67","","0,00%"
"29.09.2020","93,89","94,24","94,30","93,82","","-0,41%"
"28.09.2020","94,28","94,58","94,64","94,15","","-0,38%"
"25.09.2020","94,64","94,32","94,74","94,19","","0,31%"
"24.09.2020","94,35","94,38","94,59","94,20","","-0,04%"
"23.09.2020","94,39","93,99","94,43","93,93","","0,43%"
"22.09.2020","93,99","93,55","94,08","93,46","","0,35%"
"21.09.2020","93,66","93,00","93,78","92,75","","0,79%"
"18.09.2020","92,93","92,86","93,01","92,77","","-0,05%"
"17.09.2020","92,97","93,15","93,59","92,87","","-0,26%"
"16.09.2020","93,21","93,08","93,28","92,78","","0,18%"
"15.09.2020","93,05","93,06","93,14","92,79","","0,00%"
"14.09.2020","93,05","93,29","93,33","92,87","","-0,30%"
"11.09.2020","93,33","93,33","93,38","93,10","","0,00%"
"10.09.2020","93,34","93,23","93,45","92,70","","0,09%"
"09.09.2020","93,25","93,58","93,66","93,14","","-0,20%"
"08.09.2020","93,44","93,05","93,52","93,00","","0,78%"
"07.09.2020","92,72","92,97","93,09","92,72","","0,00%"
"04.09.2020","92,72","92,80","93,24","92,66","","-0,02%"
"03.09.2020","92,74","92,66","93,07","92,65","","-0,12%"
"02.09.2020","92,85","92,28","92,87","92,21","","0,55%"
"01.09.2020","92,34","92,18","92,40","91,75","","0,21%"
"31.08.2020","92,14","92,30","92,48","91,99","","-0,25%"
"28.08.2020","92,37","93,02","93,10","92,20","","-0,68%"
"27.08.2020","93,00","92,85","93,32","92,42","","0,00%"
"26.08.2020","93,01","93,02","93,36","92,85","","-0,01%"
"25.08.2020","93,02","93,28","93,35","92,97","","-0,30%"
"24.08.2020","93,30","93,20","93,34","92,84","","0,05%"
"21.08.2020","93,25","92,72","93,47","92,57","","0,49%"
"20.08.2020","92,79","92,96","93,24","92,73","","-0,10%"
"19.08.2020","92,89","92,28","93,05","92,15","","0,67%"
"18.08.2020","92,27","92,82","92,82","92,13","","-0,62%"
"17.08.2020","92,85","93,10","93,12","92,77","","-0,26%"
"14.08.2020","93,10","93,22","93,41","93,01","","-0,26%"
"13.08.2020","93,33","93,36","93,39","92,93","","-0,12%"
"12.08.2020","93,44","93,68","93,90","93,27","","-0,20%"
"11.08.2020","93,63","93,60","93,74","93,17","","0,05%"
"10.08.2020","93,58","93,39","93,69","93,30","","0,16%"
"07.08.2020","93,43","92,81","93,62","92,76","","0,70%"
"06.08.2020","92,79","92,77","93,09","92,52","","-0,09%"
"05.08.2020","92,87","93,23","93,25","92,56","","-0,55%"
"04.08.2020","93,38","93,56","93,83","93,23","","-0,17%"
"03.08.2020","93,54","93,46","93,99","93,32","","0,21%"
"31.07.2020","93,35","92,82","93,54","92,55","","0,35%"
"30.07.2020","93,02","93,32","93,68","92,93","","-0,46%"
"29.07.2020","93,45","93,75","93,80","93,18","","-0,26%"
"28.07.2020","93,70","93,58","94,01","93,49","","0,03%"
"27.07.2020","93,67","94,35","94,42","93,48","","-0,81%"
"24.07.2020","94,43","94,77","94,83","94,33","","-0,27%"
"23.07.2020","94,69","94,98","95,18","94,59","","-0,31%"
"22.07.2020","94,99","95,13","95,41","94,83","","-0,14%"
"21.07.2020","95,12","95,75","95,92","95,05","","-0,75%"
"20.07.2020","95,83","96,01","96,18","95,73","","-0,11%"
"17.07.2020","95,94","96,28","96,33","95,90","","-0,42%"
"16.07.2020","96,35","96,00","96,40","95,89","","0,28%"
"15.07.2020","96,08","96,17","96,25","95,78","","-0,18%"
"14.07.2020","96,26","96,54","96,70","96,18","","-0,21%"
"13.07.2020","96,46","96,66","96,68","96,27","","-0,19%"
"10.07.2020","96,65","96,75","96,97","96,44","","-0,05%"
"09.07.2020","96,70","96,45","96,81","96,24","","0,28%"
"08.07.2020","96,43","96,99","97,05","96,40","","-0,47%"
"07.07.2020","96,88","96,75","97,15","96,60","","0,16%"
"06.07.2020","96,72","97,15","97,19","96,57","","-0,46%"
"03.07.2020","97,17","97,21","97,36","97,12","","-0,15%"
"02.07.2020","97,32","97,14","97,34","96,81","","0,12%"
"01.07.2020","97,20","97,39","97,62","97,03","","-0,20%"
"30.06.2020","97,39","97,40","97,80","97,23","","-0,15%"
"29.06.2020","97,54","97,50","97,65","97,11","","0,11%"
"26.06.2020","97,43","97,35","97,68","97,26","","0,00%"
"25.06.2020","97,43","97,24","97,60","97,16","","0,29%"
"24.06.2020","97,15","96,66","97,24","96,55","","0,52%"
"23.06.2020","96,65","96,93","97,25","96,39","","-0,40%"
"22.06.2020","97,04","97,66","97,74","97,00","","-0,60%"
"19.06.2020","97,62","97,42","97,72","97,16","","0,21%"
"18.06.2020","97,42","97,08","97,58","96,95","","0,27%"
"17.06.2020","97,16","97,01","97,34","96,80","","0,21%"
"16.06.2020","96,96","96,56","97,25","96,43","","0,26%"
"15.06.2020","96,71","97,09","97,39","96,60","","-0,63%"
"12.06.2020","97,32","96,81","97,45","96,49","","0,61%"
"11.06.2020","96,73","96,09","96,83","95,95","","0,81%"
"10.06.2020","95,96","96,43","96,46","95,72","","-0,38%"
"09.06.2020","96,32","96,63","97,06","96,23","","-0,30%"
"08.06.2020","96,62","96,84","97,07","96,60","","-0,33%"
"05.06.2020","96,94","96,74","97,03","96,44","","0,27%"
"04.06.2020","96,68","97,32","97,63","96,57","","-0,62%"
"03.06.2020","97,28","97,57","97,63","97,18","","-0,41%"
"02.06.2020","97,67","97,84","97,91","97,43","","-0,16%"
"01.06.2020","97,83","98,30","98,32","97,79","","-0,52%"
"29.05.2020","98,34","98,51","98,55","97,94","","-0,04%"
"28.05.2020","98,38","98,91","99,09","98,35","","-0,69%"
"27.05.2020","99,06","99,02","99,34","98,72","","0,16%"
"26.05.2020","98,91","99,76","99,77","98,90","","-0,96%"
"25.05.2020","99,86","99,79","99,97","99,69","","0,00%"
"22.05.2020","99,86","99,42","99,87","99,39","","0,50%"
"21.05.2020","99,37","99,18","99,51","99,02","","0,25%"
"20.05.2020","99,12","99,55","99,56","99,00","","-0,25%"
"19.05.2020","99,37","99,62","99,73","99,23","","-0,29%"
"18.05.2020","99,67","100,36","100,47","99,58","","-0,73%"
"15.05.2020","100,40","100,26","100,49","100,08","","-0,06%"
"14.05.2020","100,47","100,19","100,56","100,15","","0,22%"
"13.05.2020","100,24","100,01","100,28","99,58","","0,31%"
"12.05.2020","99,93","100,23","100,44","99,66","","-0,30%"
"11.05.2020","100,24","99,12","100,28","99,12","","0,50%"
"08.05.2020","99,73","99,84","99,94","99,10","","-0,16%"
"07.05.2020","99,89","100,21","100,40","99,81","","-0,20%"
"06.05.2020","100,09","99,79","100,20","99,75","","0,38%"
"05.05.2020","99,71","99,51","99,97","99,30","","0,23%"
"04.05.2020","99,48","98,57","99,60","98,57","","0,41%"
"01.05.2020","99,08","99,13","99,21","98,64","","0,06%"
"30.04.2020","99,02","99,48","99,72","98,81","","-0,55%"
"29.04.2020","99,57","99,88","99,89","99,46","","-0,30%"
"28.04.2020","99,86","100,06","100,21","99,45","","-0,18%"
"27.04.2020","100,04","100,23","100,32","99,83","","-0,34%"
"24.04.2020","100,38","100,50","100,87","100,19","","-0,05%"
"23.04.2020","100,43","100,45","100,69","100,04","","0,04%"
"22.04.2020","100,39","100,21","100,50","99,90","","0,13%"
"21.04.2020","100,26","99,94","100,48","99,93","","0,30%"
"20.04.2020","99,96","99,71","100,07","99,65","","0,17%"
"17.04.2020","99,78","99,86","100,29","99,62","","-0,24%"
"16.04.2020","100,03","99,63","100,30","99,61","","0,57%"
"15.04.2020","99,46","98,82","99,98","98,82","","0,58%"
"14.04.2020","98,89","99,38","99,43","98,82","","-0,46%"
"13.04.2020","99,35","99,49","99,63","99,14","","-0,17%"
"10.04.2020","99,52","99,58","99,63","99,36","","0,00%"
"09.04.2020","99,52","100,13","100,30","99,36","","-0,60%"
"08.04.2020","100,12","99,91","100,43","99,90","","0,22%"
"07.04.2020","99,90","100,75","100,79","99,77","","-0,78%"
"06.04.2020","100,68","100,66","100,93","100,47","","0,11%"
"03.04.2020","100,58","100,20","100,85","100,14","","0,40%"
"02.04.2020","100,18","99,51","100,41","99,33","","0,51%"
"01.04.2020","99,67","99,01","99,84","98,91","","0,63%"
"31.03.2020","99,05","99,25","99,95","98,89","","-0,13%"
"30.03.2020","99,18","98,31","99,32","98,29","","0,83%"
"27.03.2020","98,36","99,29","99,81","98,27","","-0,99%"
"26.03.2020","99,35","100,96","101,02","99,24","","-1,68%"
"25.03.2020","101,05","101,60","101,91","100,84","","-0,97%"
"24.03.2020","102,04","102,13","102,21","101,05","","-0,44%"
"23.03.2020","102,49","101,95","102,98","101,65","","-0,32%"
"20.03.2020","102,82","102,94","102,99","101,09","","0,06%"
"19.03.2020","102,75","100,79","102,94","100,77","","1,58%"
"18.03.2020","101,16","99,38","101,74","99,15","","1,59%"
"17.03.2020","99,57","98,14","99,83","97,98","","1,54%"
"16.03.2020","98,07","98,70","98,70","97,45","","-0,69%"
"13.03.2020","98,75","97,45","98,81","97,33","","1,31%"
"12.03.2020","97,47","96,65","98,31","96,08","","1,00%"
"11.03.2020","96,51","96,33","96,69","95,91","","0,10%"
"10.03.2020","96,41","95,34","96,58","95,23","","1,60%"
"09.03.2020","94,89","96,11","95,79","94,65","","-1,10%"
"06.03.2020","95,95","96,61","96,70","95,71","","-0,90%"
"05.03.2020","96,82","97,38","97,44","96,51","","-0,53%"
"04.03.2020","97,34","97,17","97,59","97,12","","0,19%"
"03.03.2020","97,15","97,56","97,69","96,98","","-0,21%"
"02.03.2020","97,36","98,12","98,12","97,18","","-0,79%"
"28.02.2020","98,13","98,42","98,66","97,96","","-0,38%"
"27.02.2020","98,51","99,02","99,05","98,36","","-0,49%"
"26.02.2020","99,00","99,08","99,27","98,91","","0,03%"
"25.02.2020","98,97","99,33","99,39","98,88","","-0,39%"
"24.02.2020","99,36","99,34","99,64","99,11","","0,10%"
"21.02.2020","99,26","99,86","99,87","99,23","","-0,60%"
"20.02.2020","99,86","99,54","99,91","99,53","","0,16%"
"19.02.2020","99,71","99,43","99,72","99,38","","0,27%"
"18.02.2020","99,44","99,19","99,47","99,14","","0,44%"
"17.02.2020","99,00","99,16","99,21","99,00","","-0,12%"
"14.02.2020","99,12","99,12","99,17","99,00","","0,06%"
"13.02.2020","99,07","98,99","99,11","98,85","","0,02%"
"12.02.2020","99,05","98,77","99,05","98,71","","0,33%"
"11.02.2020","98,72","98,86","98,95","98,71","","-0,11%"
"10.02.2020","98,83","98,70","98,88","98,60","","0,15%"
"07.02.2020","98,68","98,46","98,72","98,42","","0,19%"
"06.02.2020","98,50","98,29","98,57","98,21","","0,20%"
"05.02.2020","98,30","97,94","98,32","97,90","","0,35%"
"04.02.2020","97,96","97,82","98,01","97,79","","0,16%"
"03.02.2020","97,80","97,37","97,89","97,37","","0,42%"
"31.01.2020","97,39","97,87","97,97","97,35","","-0,49%"
"30.01.2020","97,87","98,03","98,07","97,79","","-0,12%"
"29.01.2020","97,99","97,95","98,19","97,94","","-0,03%"
"28.01.2020","98,02","97,95","98,16","97,90","","0,06%"
"27.01.2020","97,96","97,88","98,00","97,78","","0,11%"
"24.01.2020","97,85","97,72","97,95","97,67","","0,16%"
"23.01.2020","97,69","97,48","97,80","97,43","","0,16%"
"22.01.2020","97,53","97,62","97,69","97,44","","0,00%"
"21.01.2020","97,53","97,63","97,66","97,39","","-0,08%"
"20.01.2020","97,61","97,64","97,73","97,58","","-0,03%"
"17.01.2020","97,64","97,30","97,66","97,27","","0,33%"
"16.01.2020","97,32","97,18","97,36","97,08","","0,09%"
"15.01.2020","97,23","97,38","97,44","97,16","","-0,14%"
"14.01.2020","97,37","97,36","97,56","97,33","","0,03%"
"13.01.2020","97,34","97,35","97,53","97,31","","-0,02%"
"10.01.2020","97,36","97,43","97,58","97,30","","-0,09%"
"09.01.2020","97,45","97,27","97,56","97,25","","0,15%"
"08.01.2020","97,30","96,83","97,35","96,82","","0,31%"
"07.01.2020","97,00","96,65","97,09","96,62","","0,34%"
"06.01.2020","96,67","96,90","96,90","96,54","","-0,18%"
"03.01.2020","96,84","96,79","97,11","96,71","","-0,01%"
"02.01.2020","96,85","96,48","96,87","96,42","","0,48%"
"01.01.2020","96,39","96,50","97,10","96,39","","0,00%"